country,country_name,type,level,2016,2017,2018
BE,Belgium,Total net production,Total,82520.0,82948.5,69212.347
BE,Belgium,Imports,Total,14648.0,14189.4,21635.908
BE,Belgium,Exports,Total,8465.0,8167.8,4308.347
BE,Belgium,Energy absorbed by pumping,Total,1475.0,1485.4,1347.901
BE,Belgium,Energy supplied,Total,87228.0,87484.7,85192.007
BG,Bulgaria,Total net production,Total,41221.0,41351.303,41705.0
BG,Bulgaria,Imports,Total,4568.0,3705.423,2223.0
BG,Bulgaria,Exports,Total,10940.0,9185.794,10030.0
BG,Bulgaria,Energy absorbed by pumping,Total,918.0,949.527,425.0
BG,Bulgaria,Energy supplied,Total,33931.0,34921.405,33473.0
CZ,Czechia,Total net production,Total,76398.0,79885.766,81967.62700000001
CZ,Czechia,Imports,Total,13817.0,15072.0,11573.411
CZ,Czechia,Exports,Total,24791.0,28108.9,25480.503
CZ,Czechia,Energy absorbed by pumping,Total,1570.0,1530.5,1372.8840000000002
CZ,Czechia,Energy supplied,Total,63854.0,65318.36600000001,66687.651
DK,Denmark,Total net production,Total,29077.932,29653.682,28939.089
DK,Denmark,Imports,Total,14976.458,15218.109,15633.609
DK,Denmark,Exports,Total,9919.365,10655.394,10409.265999999998
DK,Denmark,Energy absorbed by pumping,Total,0.0,0.0,0.0
DK,Denmark,Energy supplied,Total,34135.025,34216.397,34163.43200000001
DE,Germany,Total net production,Total,614155.0,619059.0,571799.7130000001
DE,Germany,Imports,Total,28338.0,27842.0,31701.359000000004
DE,Germany,Exports,Total,78863.0,80301.0,80187.327
DE,Germany,Energy absorbed by pumping,Total,7497.0,8252.0,8347.706
DE,Germany,Energy supplied,Total,556133.0,558348.0,514966.03900000016
EE,Estonia,Total net production,Total,10424.0,11234.0,10834.142999999998
EE,Estonia,Imports,Total,3577.0,2281.0,3053.0
EE,Estonia,Exports,Total,5614.0,5015.0,4949.7
EE,Estonia,Energy absorbed by pumping,Total,0.0,0.0,0.0
EE,Estonia,Energy supplied,Total,8387.0,8500.0,8937.443
IE,Ireland,Total net production,Total,29689.24,30086.974,29234.886
IE,Ireland,Imports,Total,871.263,1116.408,1621.5190000000002
IE,Ireland,Exports,Total,1583.011,1794.91,1649.2490000000005
IE,Ireland,Energy absorbed by pumping,Total,532.404,398.643,499.328
IE,Ireland,Energy supplied,Total,28445.088000000003,29009.829,28707.828
EL,Greece,Total net production,Total,50227.0,50589.215,50708.94900000001
EL,Greece,Imports,Total,9833.0,8696.0,8705.56
EL,Greece,Exports,Total,1037.0,2459.0,2186.68
EL,Greece,Energy absorbed by pumping,Total,32.0,110.0,28.49
EL,Greece,Energy supplied,Total,58991.0,56716.215,57199.33900000001
ES,Spain,Total net production,Total,264344.0,264918.0,261071.19100000005
ES,Spain,Imports,Total,21845.0,23762.0,24017.905
ES,Spain,Exports,Total,14178.0,14593.0,12915.79
ES,Spain,Energy absorbed by pumping,Total,4819.0,3675.0,3197.636
ES,Spain,Energy supplied,Total,267192.0,270412.0,268975.67000000004
FR,France,Total net production,Total,540767.954,538042.323,551685.8230000001
FR,France,Imports,Total,19903.0,21134.0,12826.095
FR,France,Exports,Total,61404.0,61248.0,76094.985
FR,France,Energy absorbed by pumping,Total,6723.585,7104.325000000001,7331.316999999998
FR,France,Energy supplied,Total,492543.369,490823.998,481085.6160000001
HR,Croatia,Total net production,Total,12284.0,11522.9,13256.54
HR,Croatia,Imports,Total,12398.0,12157.9,12692.328999999998
HR,Croatia,Exports,Total,6867.0,5204.2,7292.952999999999
HR,Croatia,Energy absorbed by pumping,Total,294.0,286.2,118.552
HR,Croatia,Energy supplied,Total,17521.0,18190.4,18537.364
IT,Italy,Total net production,Total,279702.622,285265.649,280234.0
IT,Italy,Imports,Total,43181.0,42894.881,47179.0
IT,Italy,Exports,Total,6154.0,5134.231,3270.0
IT,Italy,Energy absorbed by pumping,Total,2468.0,2478.162,2233.0
IT,Italy,Energy supplied,Total,314261.622,320548.137,321910.0
CY,Cyprus,Total net production,Total,4667.638,4778.280000000001,4791.084999999999
CY,Cyprus,Imports,Total,0.0,0.0,0.0
CY,Cyprus,Exports,Total,0.0,0.0,0.0
CY,Cyprus,Energy absorbed by pumping,Total,0.0,0.0,0.0
CY,Cyprus,Energy supplied,Total,4667.638,4778.280000000001,4791.084999999999
LV,Latvia,Total net production,Total,5927.0,7024.859,6500.0
LV,Latvia,Imports,Total,4828.0,4072.912,5172.0
LV,Latvia,Exports,Total,3795.0,4137.077,4264.0
LV,Latvia,Energy absorbed by pumping,Total,0.0,0.0,0.0
LV,Latvia,Energy supplied,Total,6960.0,6960.693999999999,7408.0
LT,Lithuania,Total net production,Total,4051.0,3996.1,3183.0950000000003
LT,Lithuania,Imports,Total,11106.0,11926.2,12847.483
LT,Lithuania,Exports,Total,2831.0,3249.0,3215.07
LT,Lithuania,Energy absorbed by pumping,Total,790.0,799.1,726.3199999999999
LT,Lithuania,Energy supplied,Total,11536.0,11874.2,12089.188000000002
LU,Luxembourg,Total net production,Total,2167.69,2204.738,2164.862
LU,Luxembourg,Imports,Total,7718.393,7566.69,7553.012000000001
LU,Luxembourg,Exports,Total,1419.691,1388.648,1391.674
LU,Luxembourg,Energy absorbed by pumping,Total,1942.514,1833.679,1717.5
LU,Luxembourg,Energy supplied,Total,6523.878,6549.101000000001,6608.700000000001
HU,Hungary,Total net production,Total,29548.0,30676.0,29749.879
HU,Hungary,Imports,Total,17951.0,19803.0,18613.295
HU,Hungary,Exports,Total,5240.0,6925.0,4265.07
HU,Hungary,Energy absorbed by pumping,Total,0.0,0.0,0.0
HU,Hungary,Energy supplied,Total,42259.0,43554.0,44098.104
MT,Malta,Total net production,Total,807.16,1594.4589999999998,1888.398
MT,Malta,Imports,Total,1525.0,897.066,631.2929999999999
MT,Malta,Exports,Total,,35.699,10.550999999999998
MT,Malta,Energy absorbed by pumping,Total,0.0,0.0,0.0
MT,Malta,Energy supplied,Total,2332.16,2455.826,2509.14
NL,Netherlands,Total net production,Total,111032.253,113465.034,112551.371
NL,Netherlands,Imports,Total,24257.626,22457.715,24018.0
NL,Netherlands,Exports,Total,19343.254,18951.503,18157.0
NL,Netherlands,Energy absorbed by pumping,Total,0.0,0.0,0.0
NL,Netherlands,Energy supplied,Total,115946.625,116971.24599999998,118412.37099999998
AT,Austria,Total net production,Total,64860.87,67690.162,65587.79199999999
AT,Austria,Imports,Total,26366.16,29362.427,28076.136
AT,Austria,Exports,Total,19206.889,22816.512,19129.33
AT,Austria,Energy absorbed by pumping,Total,4253.498,5610.607,5116.052000000001
AT,Austria,Energy supplied,Total,67766.64300000001,68625.46999999999,69418.54599999999
PL,Poland,Total net production,Total,152003.0,154869.344,154096.49999999997
PL,Poland,Imports,Total,14017.0,13271.0,13815.803
PL,Poland,Exports,Total,12018.0,10984.0,8121.301000000001
PL,Poland,Energy absorbed by pumping,Total,744.0,734.88,660.599
PL,Poland,Energy supplied,Total,153258.0,156421.464,159130.40299999996
PT,Portugal,Total net production,Total,58862.052,57668.978,58085.0
PT,Portugal,Imports,Total,4616.0,5505.732,5668.0
PT,Portugal,Exports,Total,9701.0,8189.704,8326.0
PT,Portugal,Energy absorbed by pumping,Total,1520.0,2223.899,1565.0
PT,Portugal,Energy supplied,Total,52257.052,52761.10700000001,53862.0
RO,Romania,Total net production,Total,60256.0,59355.43,58722.0
RO,Romania,Imports,Total,4177.0,4841.754,3695.0
RO,Romania,Exports,Total,9194.0,7735.38,6239.0
RO,Romania,Energy absorbed by pumping,Total,660.0,466.424,0.0
RO,Romania,Energy supplied,Total,54579.0,55995.380000000005,56178.0
SI,Slovenia,Total net production,Total,15546.0,15396.876,15284.254
SI,Slovenia,Imports,Total,8359.0,9132.532,8930.238000000001
SI,Slovenia,Exports,Total,9535.0,9648.192,9432.404
SI,Slovenia,Energy absorbed by pumping,Total,373.0,365.3,252.43500000000003
SI,Slovenia,Energy supplied,Total,13997.0,14515.916,14529.653000000002
SK,Slovakia,Total net production,Total,24997.0,25692.0,23717.0
SK,Slovakia,Imports,Total,13249.0,15563.0,12427.0
SK,Slovakia,Exports,Total,10598.0,12535.0,8746.0
SK,Slovakia,Energy absorbed by pumping,Total,334.0,418.0,401.0
SK,Slovakia,Energy supplied,Total,27314.0,28302.0,26997.0
FI,Finland,Total net production,Total,66200.0,65038.0,67423.674
FI,Finland,Imports,Total,22110.0,22204.0,22548.0
FI,Finland,Exports,Total,3159.0,1779.0,2611.0
FI,Finland,Energy absorbed by pumping,Total,0.0,0.0,0.0
FI,Finland,Energy supplied,Total,85151.0,85463.0,87360.674
SE,Sweden,Total net production,Total,152531.0,160526.0,158287.08799999996
SE,Sweden,Imports,Total,14287.0,11896.0,14441.815
SE,Sweden,Exports,Total,26022.0,30888.0,31671.103
SE,Sweden,Energy absorbed by pumping,Total,170.0,36.0,56.301
SE,Sweden,Energy supplied,Total,140626.0,141498.0,141001.49899999995
UK,,Total net production,Total,324274.434,323439.536,317375.629
UK,,Imports,Total,20017.923,18166.98,21332.415000000005
UK,,Exports,Total,2272.866,3407.049,2224.764
UK,,Energy absorbed by pumping,Total,4014.34,3859.19,3390.8659999999995
UK,,Energy supplied,Total,338005.151,334340.277,333092.41399999993
NO,Norway,Total net production,Total,149067.0,148642.0,146845.18699999998
NO,Norway,Imports,Total,5740.0,6111.0,8339.724
NO,Norway,Exports,Total,22151.0,21276.0,18488.911
NO,Norway,Energy absorbed by pumping,Total,1427.0,1653.0,1021.492
NO,Norway,Energy supplied,Total,131229.0,131824.0,135674.50799999997
ME,Montenegro,Total net production,Total,3023.0,2363.8,3743.0
ME,Montenegro,Imports,Total,1210.0,1536.9,7106.0
ME,Montenegro,Exports,Total,906.0,416.7,868.0
ME,Montenegro,Energy absorbed by pumping,Total,0.0,0.0,0.0
ME,Montenegro,Energy supplied,Total,3327.0,3484.0000000000005,9981.0
MK,North Macedonia,Total net production,Total,5284.253,5226.865,5203.736000000001
MK,North Macedonia,Imports,Total,2190.606,2293.571,7261.253000000001
MK,North Macedonia,Exports,Total,159.853,311.026,5341.489
MK,North Macedonia,Energy absorbed by pumping,Total,0.0,0.0,0.0
MK,North Macedonia,Energy supplied,Total,7315.006,7209.41,7123.500000000002
AL,Albania,Total net production,Total,7136.0,4497.807,8596.537
AL,Albania,Imports,Total,0.0,2914.628,1771.742
AL,Albania,Exports,Total,42.0,0.0,2685.047
AL,Albania,Energy absorbed by pumping,Total,0.0,0.0,0.0
AL,Albania,Energy supplied,Total,7094.0,7412.434999999999,7683.232000000001
RS,Serbia,Total net production,Total,36628.0,34298.552,35241.18600000001
RS,Serbia,Imports,Total,5068.0,6549.189,6400.0070000000005
RS,Serbia,Exports,Total,6990.0,5724.139,6293.513000000001
RS,Serbia,Energy absorbed by pumping,Total,1029.0,938.05,1067.938
RS,Serbia,Energy supplied,Total,33677.0,34185.552,34279.742000000006
TR,Turkey,Total net production,Total,261937.0,284257.51900000003,289282.578
TR,Turkey,Imports,Total,6330.0,2728.268,2466.0080000000003
TR,Turkey,Exports,Total,1452.0,3303.673,3073.5800000000004
TR,Turkey,Energy absorbed by pumping,Total,0.0,0.0,0.0
TR,Turkey,Energy supplied,Total,266815.0,283682.114,288675.00599999994
BA,Bosnia & Herzegovina,Total net production,Total,16609.0,15239.0,7502.427
BA,Bosnia & Herzegovina,Imports,Total,3084.0,3346.0,1487.586
BA,Bosnia & Herzegovina,Exports,Total,6841.0,5187.0,3820.822000000001
BA,Bosnia & Herzegovina,Energy absorbed by pumping,Total,0.0,266.0,50.591
BA,Bosnia & Herzegovina,Energy supplied,Total,12852.0,13132.0,5118.599999999999
UA,Ukraine,Total net production,Total,151889.0,144905.8,159072.5
UA,Ukraine,Imports,Total,77.0,50.0,1587.0
UA,Ukraine,Exports,Total,3830.0,5226.0,4639.3
UA,Ukraine,Energy absorbed by pumping,Total,1633.0,1574.2,0.0
UA,Ukraine,Energy supplied,Total,146503.0,138155.59999999998,156020.2
GE,Georgia,Total net production,Total,11365.0,11315.8,12148.514
GE,Georgia,Imports,Total,1329.0,1751.2,1522.2
GE,Georgia,Exports,Total,1409.0,939.7,602.0380000000001
GE,Georgia,Energy absorbed by pumping,Total,0.0,0.0,214.946
GE,Georgia,Energy supplied,Total,11285.0,12127.3,12853.73
BE,Belgium,Conventional thermal,Level 1,30728.0,31316.0,30092.635
BE,Belgium,Nuclear,Level 1,41430.0,40128.5,26995.628
BE,Belgium,Hydro,Level 1,1476.0,1360.9,1239.248
BE,Belgium,Pumped hydro power,Level 2,1110.0,1093.2,983.1900000000002
BE,Belgium,Wind,Level 1,5340.0,6387.900000000001,7177.346000000001
BE,Belgium,Solar,Level 1,3070.0,3264.3,3488.9790000000003
BE,Belgium,Geothermal,Level 1,0.0,0.0,0.0
BE,Belgium,Other,Level 1,476.0,490.9,218.509
BG,Bulgaria,Conventional thermal,Level 1,18909.0,20234.209,19334.0
BG,Bulgaria,Nuclear,Level 1,14932.0,14718.368,15290.0
BG,Bulgaria,Hydro,Level 1,4535.0,3458.015,4690.0
BG,Bulgaria,Pumped hydro power,Level 2,619.0,603.713,987.0
BG,Bulgaria,Wind,Level 1,1425.0,1504.063,1326.0
BG,Bulgaria,Solar,Level 1,1386.0,1402.766,1043.0
BG,Bulgaria,Geothermal,Level 1,0.0,0.0,0.0
BG,Bulgaria,Other,Level 1,34.0,33.882,22.0
CZ,Czechia,Conventional thermal,Level 1,47817.0,47246.628,48042.91499999999
CZ,Czechia,Nuclear,Level 1,22727.0,26785.6,28255.421
CZ,Czechia,Hydro,Level 1,3169.0,3007.403,2650.153
CZ,Czechia,Pumped hydro power,Level 2,1186.0,1155.492,1037.3170000000002
CZ,Czechia,Wind,Level 1,488.0,581.917,600.67
CZ,Czechia,Solar,Level 1,2110.0,2168.74,2317.645
CZ,Czechia,Geothermal,Level 1,0.0,0.0,0.0
CZ,Czechia,Other,Level 1,87.0,95.478,100.826
DK,Denmark,Conventional thermal,Level 1,15533.149,14104.326,14072.337
DK,Denmark,Nuclear,Level 1,0.0,0.0,0.0
DK,Denmark,Hydro,Level 1,19.272,17.871,14.928999999999998
DK,Denmark,Pumped hydro power,Level 2,0.0,0.0,0.0
DK,Denmark,Wind,Level 1,12781.731,14780.0,13898.806
DK,Denmark,Solar,Level 1,743.78,751.485,952.9729999999998
DK,Denmark,Geothermal,Level 1,0.0,0.0,0.0
DK,Denmark,Other,Level 1,0.0,0.0,0.044
DE,Germany,Conventional thermal,Level 1,390141.0,376128.0,320437.701
DE,Germany,Nuclear,Level 1,80038.0,72155.0,72274.13299999999
DE,Germany,Hydro,Level 1,25690.0,25888.0,20041.878
DE,Germany,Pumped hydro power,Level 2,5451.0,5910.0,6661.0830000000005
DE,Germany,Wind,Level 1,78218.0,103707.0,112174.0
DE,Germany,Solar,Level 1,38098.0,39401.0,46184.0
DE,Germany,Geothermal,Level 1,165.0,157.0,165.25
DE,Germany,Other,Level 1,1805.0,1623.0,522.751
EE,Estonia,Conventional thermal,Level 1,9795.0,10485.0,10170.042999999998
EE,Estonia,Nuclear,Level 1,0.0,0.0,0.0
EE,Estonia,Hydro,Level 1,35.0,26.0,18.2
EE,Estonia,Pumped hydro power,Level 2,0.0,0.0,0.0
EE,Estonia,Wind,Level 1,594.0,723.0,645.9
EE,Estonia,Solar,Level 1,0.0,0.0,0.0
EE,Estonia,Geothermal,Level 1,0.0,0.0,0.0
EE,Estonia,Other,Level 1,0.0,0.0,0.0
IE,Ireland,Conventional thermal,Level 1,22571.711,21745.666,19963.734
IE,Ireland,Nuclear,Level 1,0.0,0.0,0.0
IE,Ireland,Hydro,Level 1,962.861,885.765,921.979
IE,Ireland,Pumped hydro power,Level 2,288.676,201.184,234.93600000000004
IE,Ireland,Wind,Level 1,6148.508,7444.742,8349.172
IE,Ireland,Solar,Level 1,6.16,10.801,0.0
IE,Ireland,Geothermal,Level 1,0.0,0.0,0.0
IE,Ireland,Other,Level 1,0.0,0.0,0.0
EL,Greece,Conventional thermal,Level 1,35586.0,37021.751,34803.244
EL,Greece,Nuclear,Level 1,0.0,0.0,0.0
EL,Greece,Hydro,Level 1,5565.0,4039.0,5802.417
EL,Greece,Pumped hydro power,Level 2,22.0,77.259,636.1
EL,Greece,Wind,Level 1,5146.0,5536.987,6300.26
EL,Greece,Solar,Level 1,3930.0,3991.477,3792.038
EL,Greece,Geothermal,Level 1,0.0,0.0,0.0
EL,Greece,Other,Level 1,0.0,0.0,10.99
ES,Spain,Conventional thermal,Level 1,108210.0,126885.0,110084.238
ES,Spain,Nuclear,Level 1,56100.0,55540.0,53270.8
ES,Spain,Hydro,Level 1,39180.0,20708.0,36083.636
ES,Spain,Pumped hydro power,Level 2,3410.0,2249.0,2009.408
ES,Spain,Wind,Level 1,47712.0,47929.0,49495.207
ES,Spain,Solar,Level 1,13051.0,13778.0,12137.315
ES,Spain,Geothermal,Level 1,0.0,0.0,0.0
ES,Spain,Other,Level 1,91.0,78.0,0.0
FR,France,Conventional thermal,Level 1,60607.854,68922.949,53956.44
FR,France,Nuclear,Level 1,384008.125,379093.955,393153.254
FR,France,Hydro,Level 1,64879.956,54432.864,68706.552
FR,France,Pumped hydro power,Level 2,4786.979,5070.791,9082.043
FR,France,Wind,Level 1,21472.916,24710.749,26134.02
FR,France,Solar,Level 1,8657.27,9572.843,9651.478
FR,France,Geothermal,Level 1,87.93299999999999,119.937,84.084
FR,France,Other,Level 1,559.515,673.71,0.0
HR,Croatia,Conventional thermal,Level 1,4241.0,4808.0,4155.654
HR,Croatia,Nuclear,Level 1,0.0,0.0,0.0
HR,Croatia,Hydro,Level 1,6967.0,5437.8,7681.336999999999
HR,Croatia,Pumped hydro power,Level 2,205.0,200.3,583.988
HR,Croatia,Wind,Level 1,1010.0,1198.4,1350.356
HR,Croatia,Solar,Level 1,66.0,78.7,69.193
HR,Croatia,Geothermal,Level 1,0.0,0.0,0.0
HR,Croatia,Other,Level 1,0.0,0.0,0.0
IT,Italy,Conventional thermal,Level 1,190121.0,199722.444,185046.0
IT,Italy,Nuclear,Level 1,0.0,0.0,0.0
IT,Italy,Hydro,Level 1,43784.622,37556.721000000005,49275.0
IT,Italy,Pumped hydro power,Level 2,1825.204,1825.96,1632.0
IT,Italy,Wind,Level 1,17523.0,17565.332,17318.0
IT,Italy,Solar,Level 1,21757.0,24016.821,22887.0
IT,Italy,Geothermal,Level 1,5867.0,5821.46,5708.0
IT,Italy,Other,Level 1,650.0,582.871,0.0
CY,Cyprus,Conventional thermal,Level 1,4295.0,4394.819,4380.142999999999
CY,Cyprus,Nuclear,Level 1,0.0,0.0,0.0
CY,Cyprus,Hydro,Level 1,0.0,0.0,0.0
CY,Cyprus,Pumped hydro power,Level 2,0.0,0.0,0.0
CY,Cyprus,Wind,Level 1,226.701,211.448,220.613
CY,Cyprus,Solar,Level 1,145.937,172.013,190.329
CY,Cyprus,Geothermal,Level 1,0.0,0.0,0.0
CY,Cyprus,Other,Level 1,0.0,0.0,0.0
LV,Latvia,Conventional thermal,Level 1,3277.0,2520.3830000000003,3962.0
LV,Latvia,Nuclear,Level 1,0.0,0.0,0.0
LV,Latvia,Hydro,Level 1,2523.0,4355.513,2418.0
LV,Latvia,Pumped hydro power,Level 2,0.0,0.0,0.0
LV,Latvia,Wind,Level 1,127.0,148.523,120.0
LV,Latvia,Solar,Level 1,0.0,0.44,0.0
LV,Latvia,Geothermal,Level 1,0.0,0.0,0.0
LV,Latvia,Other,Level 1,0.0,0.0,0.0
LT,Lithuania,Conventional thermal,Level 1,1566.0,1165.3000000000002,802.8350000000002
LT,Lithuania,Nuclear,Level 1,0.0,0.0,0.0
LT,Lithuania,Hydro,Level 1,1027.0,1164.6,940.677
LT,Lithuania,Pumped hydro power,Level 2,577.0,567.5,513.6840000000001
LT,Lithuania,Wind,Level 1,1130.0,1356.2,1136.357
LT,Lithuania,Solar,Level 1,66.0,67.0,80.01400000000001
LT,Lithuania,Geothermal,Level 1,0.0,0.0,0.0
LT,Lithuania,Other,Level 1,262.0,243.0,223.212
LU,Luxembourg,Conventional thermal,Level 1,449.564,450.167,463.132
LU,Luxembourg,Nuclear,Level 1,0.0,0.0,0.0
LU,Luxembourg,Hydro,Level 1,1516.352,1411.286,1326.3289999999995
LU,Luxembourg,Pumped hydro power,Level 2,1404.667,1329.398,1237.554
LU,Luxembourg,Wind,Level 1,101.486,234.823,263.708
LU,Luxembourg,Solar,Level 1,100.288,108.462,111.693
LU,Luxembourg,Geothermal,Level 1,0.0,0.0,0.0
LU,Luxembourg,Other,Level 1,0.0,0.0,0.0
HU,Hungary,Conventional thermal,Level 1,13156.0,14096.0,13489.644
HU,Hungary,Nuclear,Level 1,15162.0,15206.0,14854.662
HU,Hungary,Hydro,Level 1,253.0,214.0,215.862
HU,Hungary,Pumped hydro power,Level 2,0.0,0.0,0.0
HU,Hungary,Wind,Level 1,665.0,737.0,589.406
HU,Hungary,Solar,Level 1,241.0,346.0,594.258
HU,Hungary,Geothermal,Level 1,0.0,1.0,6.047
HU,Hungary,Other,Level 1,71.0,76.0,0.0
MT,Malta,Conventional thermal,Level 1,680.0,1439.156,1716.4900000000002
MT,Malta,Nuclear,Level 1,0.0,0.0,0.0
MT,Malta,Hydro,Level 1,0.0,0.0,0.0
MT,Malta,Pumped hydro power,Level 2,0.0,0.0,0.0
MT,Malta,Wind,Level 1,0.0,0.058,0.0
MT,Malta,Solar,Level 1,127.16,155.245,0.0
MT,Malta,Geothermal,Level 1,0.0,0.0,0.0
MT,Malta,Other,Level 1,0.0,0.0,0.0
NL,Netherlands,Conventional thermal,Level 1,97271.8,97231.607,94450.0
NL,Netherlands,Nuclear,Level 1,3750.0,3277.664,3313.371
NL,Netherlands,Hydro,Level 1,100.079,60.757,86.0
NL,Netherlands,Pumped hydro power,Level 2,0.0,0.0,0.0
NL,Netherlands,Wind,Level 1,8170.462,10568.797,12279.0
NL,Netherlands,Solar,Level 1,1601.811,2204.344,2423.0
NL,Netherlands,Geothermal,Level 1,0.0,0.0,0.0
NL,Netherlands,Other,Level 1,138.101,121.865,0.0
AT,Austria,Conventional thermal,Level 1,18065.01,20135.846,16350.754
AT,Austria,Nuclear,Level 1,0.0,0.0,0.0
AT,Austria,Hydro,Level 1,40772.188,40098.554,37217.295000000006
AT,Austria,Pumped hydro power,Level 2,2883.861,3683.851,13397.582
AT,Austria,Wind,Level 1,4968.262,6239.497,5857.059
AT,Austria,Solar,Level 1,1040.698,1204.311,0.0
AT,Austria,Geothermal,Level 1,0.02,0.086,0.0
AT,Austria,Other,Level 1,14.692,11.868,6162.686
PL,Poland,Conventional thermal,Level 1,136945.0,137068.099,138957.387
PL,Poland,Nuclear,Level 1,0.0,0.0,0.0
PL,Poland,Hydro,Level 1,2591.0,2999.86,2353.336
PL,Poland,Pumped hydro power,Level 2,474.0,448.193,402.36
PL,Poland,Wind,Level 1,12279.0,14574.192,12487.345
PL,Poland,Solar,Level 1,124.0,165.463,298.432
PL,Poland,Geothermal,Level 1,0.0,0.0,0.0
PL,Poland,Other,Level 1,64.0,61.73,0.0
PT,Portugal,Conventional thermal,Level 1,28702.0,36882.017,30887.0
PT,Portugal,Nuclear,Level 1,0.0,0.0,0.0
PT,Portugal,Hydro,Level 1,16794.113,7489.938,13489.0
PT,Portugal,Pumped hydro power,Level 2,1186.0,1699.948,3120.0
PT,Portugal,Wind,Level 1,12343.336,12112.464,12530.0
PT,Portugal,Solar,Level 1,870.6030000000001,991.546,974.0
PT,Portugal,Geothermal,Level 1,152.0,193.007,205.0
PT,Portugal,Other,Level 1,0.0,0.0,0.0
RO,Romania,Conventional thermal,Level 1,23304.0,24923.065,22611.0
RO,Romania,Nuclear,Level 1,10366.0,10557.906,10443.0
RO,Romania,Hydro,Level 1,18239.0,14687.531,17653.0
RO,Romania,Pumped hydro power,Level 2,507.0,357.788,0.0
RO,Romania,Wind,Level 1,6527.0,7331.254,6261.0
RO,Romania,Solar,Level 1,1820.0,1855.674,1754.0
RO,Romania,Geothermal,Level 1,0.0,0.0,0.0
RO,Romania,Other,Level 1,0.0,0.0,0.0
SI,Slovenia,Conventional thermal,Level 1,5121.0,5054.639999999999,4703.068
SI,Slovenia,Nuclear,Level 1,5431.0,5967.827,5489.905999999999
SI,Slovenia,Hydro,Level 1,4721.0,4085.015,4831.147
SI,Slovenia,Pumped hydro power,Level 2,278.0,271.498,187.919
SI,Slovenia,Wind,Level 1,6.0,5.716,6.02
SI,Slovenia,Solar,Level 1,267.0,283.678,254.113
SI,Slovenia,Geothermal,Level 1,0.0,0.0,0.0
SI,Slovenia,Other,Level 1,0.0,0.0,0.0
SK,Slovakia,Conventional thermal,Level 1,6065.0,6417.0,5426.0
SK,Slovakia,Nuclear,Level 1,13732.0,14016.0,13807.0
SK,Slovakia,Hydro,Level 1,4549.0,4620.0,3838.0
SK,Slovakia,Pumped hydro power,Level 2,247.0,299.0,293.0
SK,Slovakia,Wind,Level 1,6.0,6.0,5.0
SK,Slovakia,Solar,Level 1,533.0,506.0,586.0
SK,Slovakia,Geothermal,Level 1,0.0,0.0,0.0
SK,Slovakia,Other,Level 1,112.0,127.0,55.0
FI,Finland,Conventional thermal,Level 1,24950.0,23681.0,26425.0
FI,Finland,Nuclear,Level 1,22280.0,21574.0,21890.0
FI,Finland,Hydro,Level 1,15634.0,14610.0,13158.674
FI,Finland,Pumped hydro power,Level 2,0.0,0.0,0.0
FI,Finland,Wind,Level 1,3068.0,4795.0,5861.0
FI,Finland,Solar,Level 1,19.0,43.0,89.0
FI,Finland,Geothermal,Level 1,0.0,0.0,0.0
FI,Finland,Other,Level 1,249.0,335.0,0.0
SE,Sweden,Conventional thermal,Level 1,14621.0,15003.0,14869.986
SE,Sweden,Nuclear,Level 1,60524.0,63008.0,65801.155
SE,Sweden,Hydro,Level 1,61764.0,64676.0,60977.60199999999
SE,Sweden,Pumped hydro power,Level 2,119.0,25.0,0.0
SE,Sweden,Wind,Level 1,15479.0,17609.0,16638.345
SE,Sweden,Solar,Level 1,143.0,230.0,0.0
SE,Sweden,Geothermal,Level 1,0.0,0.0,0.0
SE,Sweden,Other,Level 1,0.0,0.0,0.0
UK,,Conventional thermal,Level 1,203165.188,189296.528,180837.905
UK,,Nuclear,Level 1,65149.08,63886.86,59097.753
UK,,Hydro,Level 1,8286.51,8723.43,7678.659000000001
UK,,Pumped hydro power,Level 2,2948.89,2862.01,2515.998
UK,,Wind,Level 1,37262.699,50003.654,56903.96100000001
UK,,Solar,Level 1,10410.948,11524.87,12857.348999999998
UK,,Geothermal,Level 1,0.0,0.0,0.0
UK,,Other,Level 1,0.0,0.0,0.0
NO,Norway,Conventional thermal,Level 1,3212.0,3233.0,3457.28
NO,Norway,Nuclear,Level 1,0.0,0.0,0.0
NO,Norway,Hydro,Level 1,143442.0,142276.0,139512.026
NO,Norway,Pumped hydro power,Level 2,999.0,1157.0,3490.918
NO,Norway,Wind,Level 1,2116.0,2852.0,3875.881
NO,Norway,Solar,Level 1,0.0,0.0,0.0
NO,Norway,Geothermal,Level 1,0.0,0.0,0.0
NO,Norway,Other,Level 1,297.0,281.0,0.0
ME,Montenegro,Conventional thermal,Level 1,1216.0,1265.0,1444.0
ME,Montenegro,Nuclear,Level 1,0.0,0.0,0.0
ME,Montenegro,Hydro,Level 1,1807.0,1003.8,2137.0
ME,Montenegro,Pumped hydro power,Level 2,0.0,0.0,0.0
ME,Montenegro,Wind,Level 1,0.0,95.0,162.0
ME,Montenegro,Solar,Level 1,0.0,0.0,0.0
ME,Montenegro,Geothermal,Level 1,0.0,0.0,0.0
ME,Montenegro,Other,Level 1,0.0,0.0,0.0
MK,North Macedonia,Conventional thermal,Level 1,3281.378,4005.609,3309.1140000000005
MK,North Macedonia,Nuclear,Level 1,0.0,0.0,0.0
MK,North Macedonia,Hydro,Level 1,1869.694,1087.024,1774.496
MK,North Macedonia,Pumped hydro power,Level 2,0.0,0.0,0.0
MK,North Macedonia,Wind,Level 1,109.482,110.48,97.338
MK,North Macedonia,Solar,Level 1,23.699,23.752,22.787999999999997
MK,North Macedonia,Geothermal,Level 1,0.0,0.0,0.0
MK,North Macedonia,Other,Level 1,0.0,0.0,0.0
AL,Albania,Conventional thermal,Level 1,0.0,0.0,0.0
AL,Albania,Nuclear,Level 1,0.0,0.0,0.0
AL,Albania,Hydro,Level 1,7136.0,4496.607,8596.537
AL,Albania,Pumped hydro power,Level 2,0.0,0.0,0.0
AL,Albania,Wind,Level 1,0.0,0.0,0.0
AL,Albania,Solar,Level 1,0.0,1.2,0.0
AL,Albania,Geothermal,Level 1,0.0,0.0,0.0
AL,Albania,Other,Level 1,0.0,0.0,0.0
RS,Serbia,Conventional thermal,Level 1,25161.0,24566.923000000003,23625.089
RS,Serbia,Nuclear,Level 1,0.0,0.0,0.0
RS,Serbia,Hydro,Level 1,11429.0,9670.033,11453.07
RS,Serbia,Pumped hydro power,Level 2,728.0,598.732,1147.848
RS,Serbia,Wind,Level 1,26.0,48.457,150.41899999999998
RS,Serbia,Solar,Level 1,12.0,13.139,12.608
RS,Serbia,Geothermal,Level 1,0.0,0.0,0.0
RS,Serbia,Other,Level 1,0.0,0.0,0.0
TR,Turkey,Conventional thermal,Level 1,174166.0,199910.043,195153.546
TR,Turkey,Nuclear,Level 1,0.0,0.0,0.0
TR,Turkey,Hydro,Level 1,66686.0,57823.851,59865.351
TR,Turkey,Pumped hydro power,Level 2,0.0,0.0,0.0
TR,Turkey,Wind,Level 1,15381.0,17793.167,19825.697000000004
TR,Turkey,Solar,Level 1,1013.0,2817.837,7459.485000000001
TR,Turkey,Geothermal,Level 1,4010.0,5101.487,6275.3730000000005
TR,Turkey,Other,Level 1,681.0,811.134,703.126
BA,Bosnia & Herzegovina,Conventional thermal,Level 1,10971.0,11250.0,4003.505
BA,Bosnia & Herzegovina,Nuclear,Level 1,0.0,0.0,0.0
BA,Bosnia & Herzegovina,Hydro,Level 1,5614.0,3968.0,3476.554
BA,Bosnia & Herzegovina,Pumped hydro power,Level 2,0.0,197.0,0.0
BA,Bosnia & Herzegovina,Wind,Level 1,0.0,0.0,22.368
BA,Bosnia & Herzegovina,Solar,Level 1,24.0,21.0,0.0
BA,Bosnia & Herzegovina,Geothermal,Level 1,0.0,0.0,0.0
BA,Bosnia & Herzegovina,Other,Level 1,0.0,0.0,0.0
UA,Ukraine,Conventional thermal,Level 1,65415.0,54041.9,60830.7
UA,Ukraine,Nuclear,Level 1,75931.0,80295.3,84397.90000000001
UA,Ukraine,Hydro,Level 1,9025.0,8812.0,11920.2
UA,Ukraine,Pumped hydro power,Level 2,1633.0,1559.0,0.0
UA,Ukraine,Wind,Level 1,949.0,974.0,1185.9
UA,Ukraine,Solar,Level 1,490.0,737.6,737.8000000000001
UA,Ukraine,Geothermal,Level 1,0.0,0.0,0.0
UA,Ukraine,Other,Level 1,79.0,45.0,0.0
GE,Georgia,Conventional thermal,Level 1,2135.0,2131.3,2114.901
GE,Georgia,Nuclear,Level 1,0.0,0.0,0.0
GE,Georgia,Hydro,Level 1,9221.0,9096.8,9949.387
GE,Georgia,Pumped hydro power,Level 2,0.0,0.0,0.0
GE,Georgia,Wind,Level 1,9.0,87.7,84.22600000000001
GE,Georgia,Solar,Level 1,0.0,0.0,0.0
GE,Georgia,Geothermal,Level 1,0.0,0.0,0.0
GE,Georgia,Other,Level 1,0.0,0.0,0.0
